CensusTract,State,County,POP2010,LALOWI1_20,LILATracts_Vehicle,TractKids,TractSeniors,TractHUNV,TractSNAP
48001950500,Texas,Anderson,4377,1508.45,0,1293,627,66,288
48001950600,Texas,Anderson,6405,1773.15,1,1950,791,194,412
48005000400,Texas,Angelina,5479,930.88,1,1476,822,176,717
48005000500,Texas,Angelina,4006,1356.27,1,1106,599,318,570
48005000600,Texas,Angelina,6416,1384.21,0,1983,670,65,520
48005000800,Texas,Angelina,6299,786.38,0,1718,976,30,391
48007950400,Texas,Aransas,3583,2004.88,1,848,657,231,329
48013960300,Texas,Atascosa,3595,1381.9,1,1098,432,104,379
48019000200,Texas,Bandera,2726,275.96,1,541,738,26,90
48021950200,Texas,Bastrop,7955,2058.76,1,2375,891,148,444
48021950700,Texas,Bastrop,4189,777.55,1,1058,784,146,260
48025950300,Texas,Bee,5093,357.33,1,1443,638,188,247
48025950500,Texas,Bee,7343,1427.11,1,2386,673,195,507
48027020500,Texas,Bell,3810,585.25,0,1069,499,27,196
48027020800,Texas,Bell,3528,249.71,1,1194,399,180,400
48027020900,Texas,Bell,2998,1305.61,1,760,559,100,164
48027021000,Texas,Bell,4610,1143.19,1,1189,426,145,262
48027021500,Texas,Bell,6538,2894.17,1,1864,596,137,392
48027021601,Texas,Bell,5080,2477.99,1,1457,613,154,322
48027021602,Texas,Bell,2499,689.81,0,360,166,27,66
48027022101,Texas,Bell,4256,354.34,1,1041,473,119,332
48027022104,Texas,Bell,4399,1383.52,1,1097,316,189,224
48027022105,Texas,Bell,2317,1013.8,0,734,108,14,57
48027022300,Texas,Bell,4010,1260.56,0,960,330,83,285
48027022401,Texas,Bell,5567,2387.07,0,1703,396,43,282
48027022405,Texas,Bell,1750,159.24,0,355,47,37,13
48027023103,Texas,Bell,4467,1585.83,1,1148,512,132,325
48027023104,Texas,Bell,3235,1010.26,0,796,334,34,218
48027023107,Texas,Bell,7105,1826.99,0,2324,183,32,363
48027023202,Texas,Bell,5198,3382.55,0,1823,3,0,58
48027023204,Texas,Bell,4486,1084.26,0,716,2,18,25
48029110100,Texas,Bexar,3379,1489.98,1,162,521,724,229
48029110300,Texas,Bexar,2542,1659.94,1,613,348,392,329
48029110600,Texas,Bexar,7553,4727.58,1,802,596,589,587
48029110700,Texas,Bexar,1398,1030.63,1,326,247,231,301
48029110800,Texas,Bexar,1965,1195.13,1,271,372,253,87
48029111000,Texas,Bexar,2125,752.73,1,436,262,163,256
48029120501,Texas,Bexar,8151,337.12,1,1948,1127,485,647
48029121203,Texas,Bexar,3996,583.48,1,1008,485,173,410
48029121204,Texas,Bexar,7747,1399.61,1,1601,828,377,622
48029121506,Texas,Bexar,5742,2012.93,0,1547,1014,92,366
48029130200,Texas,Bexar,1755,546.39,1,567,152,93,162
48029130300,Texas,Bexar,3303,2439.41,1,1077,298,124,349
48029130401,Texas,Bexar,4107,2403.39,1,1285,424,256,563
48029130402,Texas,Bexar,3972,3184.47,1,1375,434,331,627
48029130500,Texas,Bexar,4146,597.76,1,1388,396,319,490
48029130700,Texas,Bexar,1728,681.6,0,501,178,90,235
48029130800,Texas,Bexar,4848,3238.39,1,1613,576,224,656
48029130900,Texas,Bexar,4689,2496.03,1,1538,555,307,635
48029131100,Texas,Bexar,2438,1301.44,0,735,376,99,279
48029131200,Texas,Bexar,3361,339.16,1,1033,477,173,345
48029131401,Texas,Bexar,6632,2343.87,0,2169,440,18,454
48029131506,Texas,Bexar,3470,722.07,0,1177,133,57,218
48029131507,Texas,Bexar,6136,558.03,0,2169,295,125,546
48029140100,Texas,Bexar,1645,905.66,0,409,190,42,132
48029140200,Texas,Bexar,3033,1627.86,1,911,352,226,168
48029140300,Texas,Bexar,3358,1721.01,1,971,363,163,246
48029140400,Texas,Bexar,3824,1713.43,1,1052,426,106,289
48029140500,Texas,Bexar,4042,1801.98,0,999,469,17,272
48029140600,Texas,Bexar,2632,1655.06,0,787,286,93,311
48029140700,Texas,Bexar,4734,408.08,1,1207,651,368,467
48029141200,Texas,Bexar,6885,584.36,1,1966,837,338,307
48029141404,Texas,Bexar,4401,92.75,0,1143,722,275,589
48029150800,Texas,Bexar,3165,826.02,1,1304,264,289,622
48029151302,Texas,Bexar,3148,1267.33,0,988,369,73,190
48029151900,Texas,Bexar,5113,2562.63,0,1691,381,77,523
48029160701,Texas,Bexar,3392,1220.83,0,974,468,95,181
48029160702,Texas,Bexar,5314,2937.68,1,1586,673,495,675
48029160901,Texas,Bexar,3164,443.91,1,973,371,162,270
48029160902,Texas,Bexar,4564,2689.31,1,1399,488,172,497
48029161000,Texas,Bexar,3898,2241.9,1,1328,376,161,582
48029161100,Texas,Bexar,8623,1661.9,0,2715,871,104,673
48029161302,Texas,Bexar,5889,1181.13,0,2290,269,87,484
48029161304,Texas,Bexar,4290,2398.53,1,1573,248,94,389
48029161501,Texas,Bexar,7656,4166.9,1,2400,811,214,672
48029161802,Texas,Bexar,5319,307.61,0,2008,298,100,645
48029170101,Texas,Bexar,3839,634.13,1,1207,397,130,436
48029170500,Texas,Bexar,4585,1231.16,1,1218,730,269,265
48029171302,Texas,Bexar,5019,1635.63,1,1073,558,125,198
48029171401,Texas,Bexar,4284,3047.86,1,1652,132,151,538
48029171402,Texas,Bexar,5433,2674.18,1,1760,572,221,368
48029171501,Texas,Bexar,2846,1751.49,0,842,306,79,218
48029171602,Texas,Bexar,3135,2183.17,1,1159,249,118,370
48029171802,Texas,Bexar,6328,483.44,1,1935,673,648,757
48029171903,Texas,Bexar,6626,953.44,0,1856,803,134,459
48029180300,Texas,Bexar,4462,2071.35,1,1292,521,225,310
48029180400,Texas,Bexar,4296,2101.09,1,1468,402,300,414
48029180501,Texas,Bexar,4536,963.81,1,1169,753,558,558
48029180504,Texas,Bexar,4491,3013.94,1,1535,505,149,440
48029180604,Texas,Bexar,5892,861.28,1,1430,893,186,220
48029181402,Texas,Bexar,1995,987.8,1,225,309,123,75
48029181504,Texas,Bexar,5796,1944.44,1,965,377,273,391
48029181602,Texas,Bexar,5575,315.27,0,1659,582,203,424
48029181725,Texas,Bexar,5411,541.46,0,1463,285,102,491
48029181808,Texas,Bexar,1478,286.44,0,315,280,74,150
48029181809,Texas,Bexar,6362,2866.7,1,1651,482,117,187
48029181820,Texas,Bexar,7202,5501.63,1,280,92,105,50
48029181823,Texas,Bexar,2495,1113.11,0,385,107,23,40
48029181901,Texas,Bexar,3452,1849.87,0,373,111,45,44
48029190100,Texas,Bexar,3755,2038.36,1,785,669,307,390
48029190200,Texas,Bexar,4375,1455.37,1,628,787,301,441
48029190503,Texas,Bexar,3459,364.25,1,682,394,123,130
48029190504,Texas,Bexar,2881,534.35,1,619,375,187,151
48029192000,Texas,Bexar,5244,1551.54,1,740,410,553,219
48029192200,Texas,Bexar,1264,355.11,0,339,92,49,124
48029980003,Texas,Bexar,1802,224.08,0,585,6,0,5
48029980100,Texas,Bexar,301,91.7,0,21,2,0,4
48037010400,Texas,Bowie,4237,2694.92,1,1296,566,309,664
48037011000,Texas,Bowie,7535,315.71,0,2030,1014,47,225
48037011502,Texas,Bowie,2910,327.61,0,722,575,86,412
48039660900,Texas,Brazoria,6806,2919.63,0,2039,496,32,361
48039661400,Texas,Brazoria,6760,971.04,0,1824,931,131,289
48039664200,Texas,Brazoria,1916,864.46,0,375,294,13,70
48039664300,Texas,Brazoria,5445,2380.56,1,1839,411,236,702
48041000300,Texas,Brazos,7211,2527.74,0,2414,511,42,407
48041000400,Texas,Brazos,5083,336.5,1,1304,331,253,417
48041000500,Texas,Brazos,5543,503.18,1,1803,420,349,659
48041000603,Texas,Brazos,5263,510.09,0,1714,311,132,427
48041000604,Texas,Brazos,6182,1471.35,1,2294,252,270,601
48041001301,Texas,Brazos,2547,792.96,1,308,77,116,104
48041001302,Texas,Brazos,4028,1695.67,0,438,303,63,127
48041001601,Texas,Brazos,4572,1110.96,1,684,323,226,208
48041001604,Texas,Brazos,5560,2215.16,0,643,277,234,219
48041001605,Texas,Brazos,3367,1554.02,0,483,86,106,143
48041001701,Texas,Brazos,5762,406.77,0,444,47,74,156
48041001803,Texas,Brazos,6280,2206.12,0,1259,396,94,71
48041002012,Texas,Brazos,6466,5989.81,0,89,17,44,27
48041002013,Texas,Brazos,4873,2155.92,0,1029,325,42,105
48041002014,Texas,Brazos,1768,1164.53,0,186,153,13,74
48045950200,Texas,Briscoe,1637,698.63,1,362,358,37,66
48047950200,Texas,Brooks,5181,560.4,1,1461,879,225,849
48049950600,Texas,Brown,2654,936.45,1,781,396,295,401
48049950800,Texas,Brown,2813,234.09,0,762,271,47,196
48049950900,Texas,Brown,4815,1306.85,1,1232,696,112,268
48049951000,Texas,Brown,2497,275.32,0,728,287,57,122
48055960200,Texas,Caldwell,5199,1017.99,1,1224,533,195,192
48055960400,Texas,Caldwell,3606,801.37,1,1013,486,149,382
48055960700,Texas,Caldwell,5660,643.33,1,1549,932,267,412
48057000200,Texas,Calhoun,4375,1489.42,0,1315,503,56,209
48057000400,Texas,Calhoun,6255,2196.38,1,1671,934,151,443
48061010203,Texas,Cameron,7607,2728.31,1,2176,1240,159,531
48061010402,Texas,Cameron,6683,3166.06,0,1896,1259,30,420
48061010601,Texas,Cameron,8795,1646.77,1,2869,890,199,672
48061011400,Texas,Cameron,6337,3497.8,1,1898,807,160,678
48061011500,Texas,Cameron,5728,1712.15,1,1946,563,238,630
48061011700,Texas,Cameron,6837,348.17,1,2501,705,298,806
48061011801,Texas,Cameron,5783,557.09,1,1800,914,137,542
48061011802,Texas,Cameron,3922,2484.69,0,1317,358,79,375
48061011901,Texas,Cameron,6150,428.29,0,1903,1023,177,563
48061011902,Texas,Cameron,4501,2198.83,0,1333,701,47,434
48061012001,Texas,Cameron,5475,1189.21,0,1457,1160,25,204
48061012200,Texas,Cameron,10831,5620.45,0,3981,798,92,1185
48061012504,Texas,Cameron,15629,4195.86,0,5938,830,56,1143
48061012505,Texas,Cameron,9119,6786.93,1,3768,523,145,1063
48061012507,Texas,Cameron,6063,3030.36,1,2092,446,112,556
48061012608,Texas,Cameron,3662,1801.9,0,1154,617,55,319
48061012609,Texas,Cameron,7644,1016.21,1,3027,451,173,952
48061012700,Texas,Cameron,5621,1051.47,0,2172,324,21,475
48061012900,Texas,Cameron,4290,587.81,0,1070,896,104,221
48061013102,Texas,Cameron,3905,1514.13,0,1251,464,80,334
48061013104,Texas,Cameron,3972,475.65,0,1147,548,59,253
48061013203,Texas,Cameron,2236,1533.2,0,760,303,62,224
48061013204,Texas,Cameron,2553,1779.92,1,879,248,129,244
48061013205,Texas,Cameron,3666,1584.15,1,1302,275,116,343
48061013206,Texas,Cameron,3595,2269.43,0,1450,185,19,380
48061013207,Texas,Cameron,4050,1823.89,0,1493,437,46,440
48061013305,Texas,Cameron,5273,1488.88,1,1854,393,142,399
48061013308,Texas,Cameron,3530,2525.54,0,1295,223,60,243
48061013309,Texas,Cameron,3019,2304.65,0,1143,171,53,315
48061014100,Texas,Cameron,11923,8331.15,1,4859,623,201,1086
48061014500,Texas,Cameron,8544,700.99,1,3212,558,294,561
48063950200,Texas,Camp,4825,720.16,1,1476,625,190,394
48067950300,Texas,Cass,1681,364.94,0,423,279,68,144
48067950400,Texas,Cass,5403,532.38,1,1433,1004,207,476
48073950500,Texas,Cherokee,3593,946.8,0,1173,433,122,468
48073950600,Texas,Cherokee,5989,601.65,0,1585,1067,143,351
48073950700,Texas,Cherokee,4235,797.4,1,1221,516,163,404
48073950900,Texas,Cherokee,4332,856.4,0,759,398,50,216
48075950200,Texas,Childress,4940,1401.48,0,1332,914,81,343
48083950300,Texas,Coleman,4871,363.53,1,1184,999,143,277
48085030802,Texas,Collin,5635,1172.59,1,1709,394,136,245
48085030900,Texas,Collin,8862,3057.7,1,2833,1241,497,592
48085031506,Texas,Collin,8587,1892.14,1,2561,722,124,299
48085031804,Texas,Collin,4222,654.59,1,401,930,222,8
48085032013,Texas,Collin,5721,301.98,0,1595,262,84,213
48089750100,Texas,Colorado,4769,508.87,0,1352,689,105,406
48091310401,Texas,Comal,5626,1326.63,0,1511,657,84,305
48091310501,Texas,Comal,3447,248.95,0,901,401,76,127
48091310502,Texas,Comal,4443,1224.09,0,1328,387,105,377
48097000400,Texas,Cooke,1965,294.65,0,519,263,49,111
48097001100,Texas,Cooke,6155,654.34,1,1684,891,191,539
48099010201,Texas,Coryell,7806,2687.29,0,28,76,0,0
48099010501,Texas,Coryell,5245,3223.71,0,2840,4,16,78
48099010502,Texas,Coryell,4296,2705.17,0,2190,6,0,70
48099010504,Texas,Coryell,2671,1840.38,0,1336,6,7,81
48099010601,Texas,Coryell,4353,679.5,1,1157,322,122,191
48101950100,Texas,Cottle,1505,663.27,1,350,358,85,121
48111950300,Texas,Dallam,5248,940.59,0,1577,435,88,267
48113000406,Texas,Dallas,7200,4175.61,1,2070,495,161,353
48113002500,Texas,Dallas,5308,2097.69,1,1638,456,295,521
48113002701,Texas,Dallas,3033,2409.64,1,896,361,467,602
48113003400,Texas,Dallas,1146,479.43,1,206,142,194,202
48113003800,Texas,Dallas,1956,1453.5,1,346,334,204,360
48113003901,Texas,Dallas,1724,1387.33,1,564,187,207,349
48113003902,Texas,Dallas,1860,1328.37,1,462,242,148,252
48113004000,Texas,Dallas,1082,686.3,1,231,143,110,115
48113004900,Texas,Dallas,3849,674.34,1,1100,495,128,381
48113005901,Texas,Dallas,5051,455.06,1,1255,905,125,414
48113005902,Texas,Dallas,4101,435.98,1,921,912,300,374
48113007804,Texas,Dallas,5005,488.58,1,1101,479,192,341
48113008603,Texas,Dallas,1237,664.47,0,444,144,56,156
48113008604,Texas,Dallas,3077,2364.8,1,990,228,458,628
48113008701,Texas,Dallas,4470,3070.19,1,1370,566,538,766
48113008802,Texas,Dallas,5206,647.53,1,1496,750,376,852
48113008900,Texas,Dallas,2713,1987.52,1,753,350,182,518
48113009303,Texas,Dallas,4039,887.5,1,1341,295,120,227
48113009304,Texas,Dallas,5812,2009.12,1,2152,404,554,984
48113009701,Texas,Dallas,4634,623.67,0,1258,487,44,164
48113009900,Texas,Dallas,2537,603.98,0,498,189,95,123
48113010000,Texas,Dallas,11780,2736.07,1,673,398,223,301
48113010500,Texas,Dallas,2798,1877.8,0,963,230,56,224
48113010601,Texas,Dallas,5729,3786.13,0,1918,420,66,302
48113010602,Texas,Dallas,3010,2051.45,0,1193,204,76,265
48113010703,Texas,Dallas,3046,1152.27,0,1014,184,24,196
48113010704,Texas,Dallas,5378,325.87,1,2031,235,185,432
48113010801,Texas,Dallas,9363,1929.57,1,3075,721,264,563
48113010804,Texas,Dallas,4442,800.54,1,1438,519,483,625
48113010903,Texas,Dallas,3213,662.27,0,1005,103,83,268
48113010904,Texas,Dallas,3281,989.78,1,959,77,220,357
48113011105,Texas,Dallas,4140,2417.25,1,1380,285,264,546
48113011200,Texas,Dallas,6288,2074.46,1,2067,712,155,401
48113011300,Texas,Dallas,5088,1236.12,1,1188,1009,157,383
48113011401,Texas,Dallas,4847,3512.74,1,1753,376,323,649
48113011500,Texas,Dallas,3185,2205.93,1,1111,172,187,265
48113011601,Texas,Dallas,4773,581.99,1,1622,347,187,461
48113011602,Texas,Dallas,6221,2172.81,0,2280,304,66,338
48113011702,Texas,Dallas,5366,527.11,0,1867,286,91,333
48113012000,Texas,Dallas,7184,1324.68,1,2355,426,467,662
48113012100,Texas,Dallas,5731,3259.21,1,2036,228,238,484
48113012301,Texas,Dallas,4374,535.75,0,1386,406,154,338
48113013010,Texas,Dallas,4388,1754.04,1,1188,190,276,455
48113013011,Texas,Dallas,4794,2832.3,1,1559,98,399,465
48113013717,Texas,Dallas,2755,327.49,0,883,149,46,148
48113014103,Texas,Dallas,3015,517.47,1,848,36,177,312
48113014116,Texas,Dallas,4542,748.33,1,1186,80,98,259
48113014133,Texas,Dallas,3909,1447.6,1,784,120,187,195
48113014204,Texas,Dallas,2275,649.61,0,441,104,37,130
48113014403,Texas,Dallas,3909,461.32,0,991,74,96,234
48113015000,Texas,Dallas,7996,1039.84,1,2538,577,165,650
48113015100,Texas,Dallas,6509,1552.0,0,1992,547,68,403
48113015303,Texas,Dallas,2092,1318.49,0,725,111,31,96
48113015304,Texas,Dallas,3461,1816.99,0,1029,370,4,232
48113015403,Texas,Dallas,3008,407.96,0,923,236,100,234
48113015404,Texas,Dallas,4462,861.9,0,1714,165,105,387
48113015700,Texas,Dallas,2579,445.27,0,884,162,7,131
48113015800,Texas,Dallas,2430,1456.92,0,824,153,16,105
48113016100,Texas,Dallas,3852,727.23,1,1073,731,216,509
48113016408,Texas,Dallas,7115,449.72,0,2038,658,40,334
48113016511,Texas,Dallas,4259,1905.42,0,1389,238,26,312
48113016520,Texas,Dallas,6953,3092.63,1,2490,282,128,659
48113016605,Texas,Dallas,6941,2203.45,1,2320,956,741,900
48113016611,Texas,Dallas,6133,1052.17,0,1675,619,39,205
48113016621,Texas,Dallas,5403,1579.36,0,1874,221,23,430
48113016626,Texas,Dallas,4658,285.99,0,1509,299,138,279
48113016701,Texas,Dallas,6084,3593.54,1,1682,931,246,426
48113016703,Texas,Dallas,9729,2909.31,1,3301,587,181,754
48113016704,Texas,Dallas,4132,990.09,0,1273,355,20,354
48113016903,Texas,Dallas,5191,2969.64,0,1426,419,69,283
48113017004,Texas,Dallas,8357,2399.72,0,3244,396,126,557
48113017101,Texas,Dallas,5144,1354.5,0,1709,351,92,237
48113017602,Texas,Dallas,4120,2163.32,0,1316,333,41,195
48113017605,Texas,Dallas,3550,534.04,0,1272,130,95,231
48113017703,Texas,Dallas,4661,512.01,1,1616,383,127,440
48113017805,Texas,Dallas,5503,2450.99,0,1542,562,96,303
48113018001,Texas,Dallas,6183,263.76,0,1689,792,63,288
48113018105,Texas,Dallas,6086,1370.61,0,2090,448,29,322
48113018126,Texas,Dallas,6536,217.58,0,1836,785,15,226
48113018130,Texas,Dallas,4152,1578.0,1,1093,386,117,277
48113018141,Texas,Dallas,3830,1644.75,0,828,232,20,363
48113018203,Texas,Dallas,6463,1489.18,0,2182,299,38,255
48113018205,Texas,Dallas,4564,766.95,0,1578,236,27,128
48113019029,Texas,Dallas,5905,513.73,0,1453,662,107,261
48113020100,Texas,Dallas,2318,1198.85,0,652,215,56,78
48113020200,Texas,Dallas,3678,2781.98,1,825,677,142,485
48113020400,Texas,Dallas,5518,1126.35,0,471,104,43,18
48113020500,Texas,Dallas,4820,737.47,1,2178,363,538,929
48115950402,Texas,Dawson,4001,1417.69,0,607,271,10,167
48115950500,Texas,Dawson,3839,576.29,1,1106,625,207,274
48117950500,Texas,Deaf Smith,3981,506.74,0,1323,319,90,273
48121020503,Texas,Denton,5726,803.87,1,1200,513,145,402
48121020601,Texas,Denton,4906,573.08,1,651,369,211,233
48121020602,Texas,Denton,8716,3554.24,0,2442,544,92,334
48121020800,Texas,Denton,5082,820.62,0,550,290,72,241
48121021201,Texas,Denton,5638,390.24,1,1422,204,327,418
48121021202,Texas,Denton,4242,1075.4,0,879,359,85,291
48121021616,Texas,Denton,4441,208.89,1,1112,264,182,213
48133950300,Texas,Eastland,5120,476.79,0,1153,967,89,214
48135000300,Texas,Ector,1680,676.32,0,393,204,28,136
48135000500,Texas,Ector,4474,203.0,1,1430,482,188,374
48139060400,Texas,Ellis,4216,947.69,1,1179,512,195,501
48139060500,Texas,Ellis,3196,988.62,0,1046,318,43,233
48139061500,Texas,Ellis,5338,870.74,0,1595,709,102,554
48139061600,Texas,Ellis,6253,1873.84,0,2070,542,189,509
48141000107,Texas,El Paso,5807,2344.44,0,1754,705,83,490
48141000108,Texas,El Paso,2505,1183.62,0,801,265,72,193
48141000204,Texas,El Paso,5283,318.76,1,1500,728,147,273
48141000206,Texas,El Paso,4787,300.15,0,1361,767,118,332
48141000207,Texas,El Paso,4761,1917.87,0,1606,366,32,486
48141000208,Texas,El Paso,3429,2116.79,0,1110,211,104,260
48141000302,Texas,El Paso,5626,641.58,1,1708,755,129,523
48141000900,Texas,El Paso,7871,474.11,0,2042,1167,284,830
48141001111,Texas,El Paso,4811,1987.48,1,907,368,144,227
48141001115,Texas,El Paso,3445,1061.15,1,1148,213,304,596
48141001400,Texas,El Paso,2232,459.65,1,414,213,178,136
48141001600,Texas,El Paso,4515,1557.28,1,899,606,654,495
48141002500,Texas,El Paso,6084,346.87,1,1373,1155,316,716
48141003402,Texas,El Paso,6496,615.08,1,1299,887,261,613
48141003602,Texas,El Paso,3043,987.17,1,891,471,178,462
48141003702,Texas,El Paso,4738,495.12,1,1338,807,159,593
48141003801,Texas,El Paso,5799,1421.97,1,1455,1184,207,624
48141003803,Texas,El Paso,3250,893.86,0,861,411,26,208
48141003804,Texas,El Paso,3925,1349.42,1,1217,452,118,499
48141003903,Texas,El Paso,6921,1247.09,1,2494,666,450,1186
48141004003,Texas,El Paso,8507,581.1,0,2771,595,61,831
48141004103,Texas,El Paso,6939,1113.51,1,2114,711,308,1022
48141004310,Texas,El Paso,5269,611.23,0,1498,683,41,538
48141010102,Texas,El Paso,4799,508.59,0,1252,6,23,24
48141010203,Texas,El Paso,4732,1690.95,0,912,326,45,363
48141010216,Texas,El Paso,7035,1155.45,0,2371,609,45,507
48141010316,Texas,El Paso,4418,358.07,0,1303,429,76,423
48141010322,Texas,El Paso,4861,1806.83,0,1693,260,26,362
48141010325,Texas,El Paso,8377,543.74,0,3270,325,0,677
48141010333,Texas,El Paso,4772,2616.08,0,1992,147,59,315
48141010339,Texas,El Paso,8264,2858.82,0,1687,332,58,499
48141010345,Texas,El Paso,6959,5043.09,0,2559,356,39,700
48141010346,Texas,El Paso,4445,1854.9,0,1373,461,47,544
48141010347,Texas,El Paso,4350,1870.7,0,1461,272,29,504
48141010401,Texas,El Paso,5981,853.32,0,1791,623,103,622
48141010404,Texas,El Paso,4726,2827.51,0,1511,434,37,285
48141010405,Texas,El Paso,6261,4707.25,1,2128,483,169,703
48141010406,Texas,El Paso,4395,3903.8,0,1592,257,66,526
48141010407,Texas,El Paso,6341,5390.85,1,2343,356,137,1058
48141010408,Texas,El Paso,4019,699.92,0,1186,399,106,457
48141010409,Texas,El Paso,6377,466.13,0,2399,403,40,350
48141010505,Texas,El Paso,4000,457.14,0,1317,466,163,450
48143950300,Texas,Erath,6193,1011.41,0,1778,806,120,433
48143950400,Texas,Erath,6517,752.16,0,1073,901,74,144
48143950500,Texas,Erath,6967,2985.39,1,1408,502,199,418
48143950600,Texas,Erath,3153,1037.15,0,602,350,68,216
48145000300,Texas,Falls,3708,425.21,0,973,623,125,349
48147950401,Texas,Fannin,4510,544.72,0,645,358,94,284
48147950402,Texas,Fannin,6442,1791.51,0,1339,1418,113,251
48153950600,Texas,Floyd,3824,232.31,0,1114,654,97,334
48155950100,Texas,Foard,1336,494.71,1,278,319,33,55
48157670101,Texas,Fort Bend,6801,311.35,0,2336,359,70,557
48157670400,Texas,Fort Bend,5058,2071.26,0,1489,386,78,410
48157670602,Texas,Fort Bend,1907,756.28,0,558,108,25,199
48157672002,Texas,Fort Bend,6279,556.15,1,1273,515,403,257
48157672601,Texas,Fort Bend,10258,2556.26,1,3284,536,134,360
48157674800,Texas,Fort Bend,5645,940.09,1,1607,624,528,556
48157674900,Texas,Fort Bend,5543,3854.82,1,1684,480,138,546
48157675000,Texas,Fort Bend,3224,272.91,0,1019,274,70,293
48157675200,Texas,Fort Bend,5623,932.32,0,1665,582,108,520
48157675300,Texas,Fort Bend,6679,3581.15,1,1976,780,152,479
48163950200,Texas,Frio,6343,1194.67,1,1521,587,199,467
48163950300,Texas,Frio,4674,1025.8,1,1077,453,104,310
48167721100,Texas,Galveston,10440,2118.64,1,3258,728,144,707
48167721600,Texas,Galveston,1900,520.48,0,464,233,51,116
48167721700,Texas,Galveston,7937,212.4,0,2207,680,181,560
48167721800,Texas,Galveston,4540,2007.81,0,910,565,51,275
48167722700,Texas,Galveston,4200,1024.42,1,1011,765,156,428
48167722800,Texas,Galveston,2538,835.22,0,660,359,70,200
48167722900,Texas,Galveston,2608,683.72,1,682,418,105,220
48167723000,Texas,Galveston,3319,364.95,0,829,502,97,341
48167723200,Texas,Galveston,3362,1331.13,0,821,500,87,269
48167723700,Texas,Galveston,2170,1260.08,1,665,261,105,207
48167724000,Texas,Galveston,2393,793.7,0,113,80,3,25
48167724101,Texas,Galveston,1241,258.29,1,196,239,161,67
48167726200,Texas,Galveston,2938,697.94,0,801,334,101,241
48177000300,Texas,Gonzales,3520,496.99,0,993,522,113,307
48179950800,Texas,Gray,1659,401.0,0,554,181,33,118
48181000400,Texas,Grayson,2861,561.79,0,663,477,102,359
48181000501,Texas,Grayson,3689,596.16,1,955,647,205,385
48181000700,Texas,Grayson,3971,828.69,1,997,542,152,508
48181000902,Texas,Grayson,6542,573.2,1,1413,1329,218,351
48181001400,Texas,Grayson,5521,639.94,1,1407,442,137,286
48181001500,Texas,Grayson,6419,2615.97,1,1827,691,170,729
48181002000,Texas,Grayson,3072,867.36,0,868,248,136,330
48183000800,Texas,Gregg,7018,2463.52,0,2228,587,51,522
48183000900,Texas,Gregg,3143,915.17,0,895,278,63,202
48183001100,Texas,Gregg,4643,749.74,1,1006,550,339,443
48183001200,Texas,Gregg,3022,358.14,1,1036,229,99,208
48183001400,Texas,Gregg,4013,846.78,1,1276,326,256,450
48183001500,Texas,Gregg,4934,1998.33,1,1094,508,210,319
48183010301,Texas,Gregg,5023,547.76,0,1572,397,55,257
48183010700,Texas,Gregg,4929,658.22,0,1450,321,100,299
48187210200,Texas,Guadalupe,4528,2969.42,1,1414,502,149,326
48187210300,Texas,Guadalupe,6221,3101.85,1,1613,712,393,639
48187210505,Texas,Guadalupe,4949,2840.61,0,1647,302,0,217
48191950500,Texas,Hall,3353,260.68,1,867,759,96,174
48193950300,Texas,Hamilton,3449,321.73,1,758,907,136,267
48199030700,Texas,Hardin,3793,627.01,0,971,655,87,408
48199030800,Texas,Hardin,4706,1013.67,1,1195,771,147,339
48201211100,Texas,Harris,6004,1025.51,1,1781,641,450,674
48201211300,Texas,Harris,5046,1580.54,1,1469,612,744,708
48201211400,Texas,Harris,3690,310.6,1,1164,242,412,526
48201211500,Texas,Harris,6907,1023.51,1,2174,569,262,377
48201211700,Texas,Harris,3886,684.24,1,1034,522,383,584
48201212500,Texas,Harris,3610,2168.48,1,800,824,180,300
48201221100,Texas,Harris,3598,391.31,0,1221,203,44,142
48201221300,Texas,Harris,8593,781.97,0,2862,545,70,438
48201221600,Texas,Harris,9217,1240.36,0,3035,765,69,610
48201221700,Texas,Harris,8245,556.91,0,2988,437,38,542
48201222300,Texas,Harris,4512,1003.45,0,1597,320,95,200
48201222401,Texas,Harris,3701,1410.91,1,1221,209,119,243
48201222402,Texas,Harris,5906,3040.67,0,2068,336,110,253
48201222502,Texas,Harris,4025,352.45,0,1344,312,83,113
48201222700,Texas,Harris,5175,715.24,1,1920,558,644,904
48201222800,Texas,Harris,3561,1988.62,0,1313,178,47,122
48201222900,Texas,Harris,7848,1106.86,1,2495,628,178,327
48201230200,Texas,Harris,5054,955.2,1,1280,778,290,442
48201230300,Texas,Harris,1803,650.7,0,477,267,100,171
48201230400,Texas,Harris,3719,346.0,1,1060,429,181,321
48201230800,Texas,Harris,2805,445.95,1,700,480,102,120
48201230900,Texas,Harris,4231,713.04,1,1228,587,274,536
48201231000,Texas,Harris,4282,1381.73,1,1179,557,132,419
48201231200,Texas,Harris,6698,1923.46,1,2398,410,430,665
48201231300,Texas,Harris,4254,854.66,1,1214,439,187,445
48201231900,Texas,Harris,6292,422.04,1,1625,857,135,262
48201232401,Texas,Harris,7415,2363.91,0,2414,466,75,303
48201232403,Texas,Harris,4165,1808.85,0,1342,184,112,218
48201232500,Texas,Harris,3135,1519.89,0,835,300,52,94
48201232701,Texas,Harris,7235,747.35,0,2481,338,320,466
48201233300,Texas,Harris,4818,372.73,0,1671,289,32,165
48201233600,Texas,Harris,2127,817.48,1,563,276,145,192
48201233703,Texas,Harris,2656,709.29,0,932,207,15,145
48201240400,Texas,Harris,6394,1917.87,0,2007,352,26,183
48201240702,Texas,Harris,10524,4377.65,0,4100,226,50,547
48201240801,Texas,Harris,5157,936.37,1,1369,360,214,700
48201241500,Texas,Harris,9146,3690.72,1,2787,391,449,848
48201250600,Texas,Harris,7606,1628.71,1,2151,682,373,396
48201252200,Texas,Harris,7944,2406.86,0,2601,370,91,190
48201252500,Texas,Harris,4325,681.64,1,1417,285,116,318
48201252600,Texas,Harris,7552,2711.82,0,2459,538,103,381
48201253400,Texas,Harris,724,433.9,0,162,209,35,18
48201253500,Texas,Harris,8382,704.39,1,2681,623,220,711
48201253800,Texas,Harris,7717,945.4,1,2475,581,130,585
48201254200,Texas,Harris,3052,981.54,0,1064,208,19,139
48201254400,Texas,Harris,3253,1845.63,1,1080,229,124,171
48201254500,Texas,Harris,2356,725.06,0,750,250,69,181
48201254600,Texas,Harris,4067,1711.32,0,1247,374,80,307
48201310100,Texas,Harris,5884,842.92,1,1375,313,340,603
48201310400,Texas,Harris,4084,819.82,1,1088,509,325,340
48201311100,Texas,Harris,5886,1143.68,1,1752,611,226,409
48201312000,Texas,Harris,4089,1141.15,1,198,327,179,99
48201312800,Texas,Harris,2332,1127.24,1,538,132,319,353
48201312900,Texas,Harris,3941,484.35,1,592,526,390,379
48201313300,Texas,Harris,2654,283.7,0,626,487,102,166
48201320500,Texas,Harris,4618,390.09,0,1556,278,12,160
48201321200,Texas,Harris,4284,890.9,0,1592,165,133,353
48201322600,Texas,Harris,5329,621.89,0,1648,425,5,210
48201323900,Texas,Harris,3875,2044.62,1,1120,504,320,366
48201324200,Texas,Harris,1647,1163.77,0,546,136,31,144
48201330100,Texas,Harris,8313,4362.01,0,2705,577,55,403
48201330200,Texas,Harris,4243,796.8,0,1305,413,104,271
48201330301,Texas,Harris,7169,1869.11,0,2658,186,54,197
48201330302,Texas,Harris,5527,2126.95,0,1697,572,73,314
48201330303,Texas,Harris,4061,932.8,0,1246,235,86,119
48201330400,Texas,Harris,4663,756.07,0,1439,374,78,335
48201330500,Texas,Harris,4121,477.46,0,1314,393,8,162
48201330900,Texas,Harris,7886,2785.87,1,2441,332,175,375
48201331100,Texas,Harris,3843,896.35,1,1115,428,287,302
48201331200,Texas,Harris,3473,595.24,1,1006,485,442,479
48201331300,Texas,Harris,4647,1879.89,1,1064,944,263,471
48201331500,Texas,Harris,7145,1128.33,1,1715,1363,188,385
48201331601,Texas,Harris,6458,503.82,1,1701,772,188,461
48201332300,Texas,Harris,2918,1094.78,1,730,462,102,218
48201332400,Texas,Harris,4271,1075.43,1,913,848,132,354
48201332500,Texas,Harris,3257,1098.99,1,886,437,106,273
48201332600,Texas,Harris,6605,566.39,1,1999,735,341,540
48201333700,Texas,Harris,3156,745.67,0,1010,206,17,90
48201333800,Texas,Harris,9228,2667.67,1,2965,618,176,614
48201334100,Texas,Harris,9914,2598.59,1,2559,736,217,679
48201340100,Texas,Harris,4618,1823.07,0,1287,143,61,321
48201341100,Texas,Harris,3832,362.51,1,759,269,141,140
48201341201,Texas,Harris,3974,2074.89,0,923,213,72,310
48201341301,Texas,Harris,4864,486.16,1,683,625,147,147
48201342200,Texas,Harris,4217,226.48,0,1179,372,49,226
48201343700,Texas,Harris,2945,498.97,0,815,334,90,160
48201350500,Texas,Harris,6848,691.09,0,2047,499,106,477
48201420500,Texas,Harris,4041,467.45,0,1320,249,135,315
48201440100,Texas,Harris,6751,1621.83,1,1667,449,165,90
48201451901,Texas,Harris,7411,1027.68,1,1876,336,341,587
48201452300,Texas,Harris,2323,359.37,0,604,197,31,132
48201453900,Texas,Harris,10151,1158.22,1,3161,619,144,619
48201454302,Texas,Harris,6490,1120.79,0,1733,557,51,294
48201521600,Texas,Harris,3632,1317.78,0,1204,276,7,193
48201521700,Texas,Harris,6609,489.88,0,1882,193,291,533
48201521800,Texas,Harris,5778,1511.38,1,1423,442,112,104
48201531800,Texas,Harris,2352,967.49,0,687,300,74,123
48201531900,Texas,Harris,4708,2259.68,1,1447,538,147,415
48201532600,Texas,Harris,6558,1856.94,1,2031,353,328,480
48201533000,Texas,Harris,2245,1721.5,1,733,187,108,376
48201533100,Texas,Harris,6449,2261.47,1,2013,460,266,508
48201533200,Texas,Harris,3222,916.25,1,865,323,165,253
48201533300,Texas,Harris,5880,631.39,1,1633,692,431,794
48201533400,Texas,Harris,9655,2299.03,1,3185,760,250,523
48201533500,Texas,Harris,4383,210.43,0,1321,494,34,117
48201533801,Texas,Harris,8645,1019.11,0,3105,300,91,353
48201533802,Texas,Harris,6182,812.79,0,2210,355,58,389
48201533901,Texas,Harris,9260,439.79,0,3054,424,24,586
48201534100,Texas,Harris,7488,3897.67,0,2339,409,9,414
48201540200,Texas,Harris,2654,936.18,0,694,189,30,163
48201541800,Texas,Harris,5762,613.88,0,1580,306,85,255
48201542101,Texas,Harris,17754,1752.36,0,6471,501,62,603
48201550100,Texas,Harris,4719,686.34,1,1766,64,274,528
48201550301,Texas,Harris,6600,4481.7,1,2110,113,443,577
48201550302,Texas,Harris,8785,1871.19,1,2465,362,274,795
48201550401,Texas,Harris,10249,3187.23,1,3364,373,422,886
48201550500,Texas,Harris,5665,794.15,0,1888,248,92,272
48201550900,Texas,Harris,8741,110.99,0,2804,386,38,377
48201552200,Texas,Harris,6511,468.23,1,1894,476,151,265
48201552302,Texas,Harris,4962,721.84,1,1161,418,100,168
48201552601,Texas,Harris,5339,237.5,1,1635,289,241,359
48201553200,Texas,Harris,6743,414.27,1,1743,765,205,242
48201555401,Texas,Harris,2445,1074.43,0,563,366,94,124
48201555402,Texas,Harris,7774,1119.61,1,1757,1573,399,324
48201980000,Texas,Harris,33,10.0,0,9,3,0,4
48201980100,Texas,Harris,603,412.53,0,252,8,0,98
48203020401,Texas,Harrison,3890,518.94,1,1174,383,155,491
48203020402,Texas,Harrison,5264,426.95,1,1259,725,298,351
48207950300,Texas,Haskell,3973,479.6,1,836,817,120,363
48209010304,Texas,Hays,5233,869.79,1,824,223,225,572
48209010908,Texas,Hays,7256,3100.27,0,2417,315,53,424
48213950901,Texas,Henderson,5252,2721.22,0,1046,1233,34,364
48213951200,Texas,Henderson,6234,1807.2,1,1925,598,174,529
48213951300,Texas,Henderson,5865,452.75,1,1234,1216,198,224
48215020101,Texas,Hidalgo,6321,1816.77,1,2341,746,211,656
48215020102,Texas,Hidalgo,7150,2759.38,0,2300,1170,118,737
48215020201,Texas,Hidalgo,7364,764.81,0,2596,450,22,623
48215020202,Texas,Hidalgo,7190,581.47,1,2629,418,156,543
48215020204,Texas,Hidalgo,7836,1886.75,1,2834,739,125,886
48215020205,Texas,Hidalgo,5317,1506.27,1,1672,644,113,362
48215020501,Texas,Hidalgo,5232,1011.37,1,1568,889,237,433
48215020503,Texas,Hidalgo,11541,7156.3,1,4152,811,173,1063
48215020504,Texas,Hidalgo,7740,3974.12,1,2465,815,287,629
48215020726,Texas,Hidalgo,6289,208.06,1,2076,609,184,536
48215021000,Texas,Hidalgo,6520,605.24,1,1960,997,156,794
48215021302,Texas,Hidalgo,15668,1288.2,1,6657,828,221,2118
48215021303,Texas,Hidalgo,9598,2813.24,1,3818,583,162,1048
48215021305,Texas,Hidalgo,7279,479.36,0,2658,397,33,463
48215021404,Texas,Hidalgo,7674,1538.93,0,2024,1506,114,575
48215021701,Texas,Hidalgo,9945,4163.71,0,3356,883,75,681
48215021702,Texas,Hidalgo,10416,2258.6,0,3666,922,84,931
48215021805,Texas,Hidalgo,8727,680.59,0,3150,494,82,939
48215021806,Texas,Hidalgo,8585,3630.36,0,3349,428,154,808
48215021901,Texas,Hidalgo,8748,5102.03,1,3199,1025,195,804
48215021903,Texas,Hidalgo,4828,724.75,0,1605,628,166,429
48215021904,Texas,Hidalgo,4439,633.79,0,1187,955,53,469
48215022001,Texas,Hidalgo,11227,4165.46,1,3731,1009,258,641
48215022003,Texas,Hidalgo,6734,3331.01,1,2388,851,173,827
48215022004,Texas,Hidalgo,8890,5993.92,0,3492,729,11,1054
48215022103,Texas,Hidalgo,5522,503.59,1,1729,1003,216,462
48215022104,Texas,Hidalgo,9739,6765.38,1,4133,445,152,1287
48215022201,Texas,Hidalgo,6683,3646.89,0,2482,611,33,626
48215022203,Texas,Hidalgo,4376,1407.85,1,1480,551,147,400
48215022300,Texas,Hidalgo,10226,837.41,1,2927,1570,236,689
48215022402,Texas,Hidalgo,6084,2384.77,0,2189,390,39,541
48215022501,Texas,Hidalgo,6635,2860.42,1,2479,380,182,876
48215022701,Texas,Hidalgo,5225,571.51,1,1210,1479,135,462
48215022702,Texas,Hidalgo,5474,2282.78,0,1458,1328,138,509
48215022800,Texas,Hidalgo,9129,2457.03,0,3336,725,91,937
48215022900,Texas,Hidalgo,4479,1006.83,1,1322,893,178,645
48215023000,Texas,Hidalgo,5262,853.36,1,1768,617,238,527
48215023504,Texas,Hidalgo,8256,3622.36,1,2833,407,120,859
48215023507,Texas,Hidalgo,8381,6120.24,0,3265,454,96,794
48215023511,Texas,Hidalgo,9101,6635.83,1,3966,389,183,989
48215023514,Texas,Hidalgo,8135,6570.13,1,3495,352,221,1101
48215023515,Texas,Hidalgo,10359,7660.82,1,4293,498,153,863
48215023600,Texas,Hidalgo,9016,2083.38,0,3059,977,191,927
48215023801,Texas,Hidalgo,8809,1294.13,0,3246,512,0,615
48215023904,Texas,Hidalgo,8169,156.52,1,2425,396,224,577
48215024000,Texas,Hidalgo,15955,2366.82,0,4694,551,136,1166
48215024105,Texas,Hidalgo,9176,5149.89,1,3210,673,202,1071
48215024106,Texas,Hidalgo,10305,2436.74,0,3512,750,116,724
48215024107,Texas,Hidalgo,4203,1966.41,0,1567,313,50,438
48215024108,Texas,Hidalgo,5699,4542.69,1,2368,217,154,883
48215024109,Texas,Hidalgo,5889,1147.47,0,2178,340,85,665
48215024110,Texas,Hidalgo,9893,4879.68,1,3930,429,184,809
48215024112,Texas,Hidalgo,12663,11182.99,1,5912,330,236,1753
48215024113,Texas,Hidalgo,6171,2324.06,0,2561,269,96,626
48215024114,Texas,Hidalgo,8814,5424.04,0,3800,382,76,1060
48215024204,Texas,Hidalgo,4518,3120.43,0,1599,478,49,614
48215024205,Texas,Hidalgo,7845,3124.45,1,2775,675,211,841
48215024402,Texas,Hidalgo,8668,5442.48,0,3138,550,57,911
48215024404,Texas,Hidalgo,4044,1891.29,0,1433,298,46,202
48219950400,Texas,Hockley,4943,1391.94,1,1583,518,231,488
48223950402,Texas,Hopkins,3759,881.28,0,931,642,76,225
48223950600,Texas,Hopkins,3856,172.11,0,958,725,151,376
48225950400,Texas,Houston,3138,894.43,1,894,451,191,398
48227950300,Texas,Howard,2242,590.89,0,365,465,78,64
48227950400,Texas,Howard,3343,597.35,0,824,549,309,239
48227950700,Texas,Howard,3335,743.49,0,1037,381,59,248
48227950802,Texas,Howard,6703,2221.37,0,681,272,67,117
48229950300,Texas,Hudspeth,3476,1053.21,1,1047,472,52,250
48231960500,Texas,Hunt,3955,952.83,1,996,486,241,437
48231960800,Texas,Hunt,3649,990.8,0,1237,251,79,360
48231960900,Texas,Hunt,5166,623.93,1,1461,805,304,583
48231961000,Texas,Hunt,4200,523.05,1,1129,434,235,410
48241950200,Texas,Jasper,3475,1618.52,1,910,591,123,236
48245000304,Texas,Jefferson,6357,166.19,0,1601,861,42,438
48245000700,Texas,Jefferson,2975,316.39,1,849,420,313,555
48245001100,Texas,Jefferson,2724,425.91,1,646,247,112,213
48245001200,Texas,Jefferson,2396,332.53,1,621,204,177,258
48245001700,Texas,Jefferson,1923,670.66,1,437,324,127,193
48245002200,Texas,Jefferson,2574,1134.42,1,717,444,252,347
48245002300,Texas,Jefferson,3475,1017.0,1,823,737,217,292
48245002600,Texas,Jefferson,6671,652.65,1,1129,262,340,585
48245005100,Texas,Jefferson,1043,756.46,0,173,255,68,124
48245005900,Texas,Jefferson,1895,1137.29,1,734,180,322,360
48245006600,Texas,Jefferson,3897,1064.46,1,1180,360,154,409
48245007100,Texas,Jefferson,3525,1072.04,0,742,598,29,248
48245010100,Texas,Jefferson,3186,475.1,1,1084,207,99,294
48245011700,Texas,Jefferson,1664,660.35,1,373,302,210,172
48247950400,Texas,Jim Hogg,3037,1209.63,1,889,450,101,344
48249950400,Texas,Jim Wells,3770,272.64,0,1020,503,64,206
48249950500,Texas,Jim Wells,6213,1077.15,1,1943,676,286,340
48249950600,Texas,Jim Wells,4080,690.2,1,1108,674,232,325
48249950700,Texas,Jim Wells,3647,2001.54,1,967,640,119,313
48251130303,Texas,Johnson,4091,1923.39,0,1178,400,28,178
48251130304,Texas,Johnson,5338,2186.99,0,1289,847,69,338
48251130700,Texas,Johnson,4404,240.91,0,1358,497,57,117
48253020400,Texas,Jones,3497,1459.97,0,831,763,75,151
48255970200,Texas,Karnes,3899,226.38,0,976,632,100,325
48257050300,Texas,Kaufman,3890,577.35,1,1150,406,144,264
48257050400,Texas,Kaufman,7306,3533.84,0,2022,842,46,265
48257050500,Texas,Kaufman,4882,1859.19,1,1320,751,288,588
48257051100,Texas,Kaufman,4938,219.41,0,1453,649,87,180
48265960600,Texas,Kerr,7512,2585.96,1,1711,1168,187,657
48271950100,Texas,Kinney,3598,885.27,0,724,874,84,146
48273020200,Texas,Kleberg,5968,1498.59,1,1704,874,283,631
48273020300,Texas,Kleberg,7271,3045.61,1,1202,581,172,477
48273020400,Texas,Kleberg,6547,299.74,1,1814,758,310,460
48277000401,Texas,Lamar,3368,432.8,1,744,704,136,231
48277000500,Texas,Lamar,4115,891.71,1,1104,715,273,609
48277000700,Texas,Lamar,3020,1276.48,1,745,482,135,281
48281950400,Texas,Lampasas,3674,424.48,1,1052,568,175,191
48283950300,Texas,La Salle,6886,1160.33,1,1494,857,219,482
48287000400,Texas,Lee,6052,817.87,0,1859,824,55,266
48291700200,Texas,Liberty,3042,600.01,1,670,390,147,280
48293970400,Texas,Limestone,2182,292.15,0,559,250,67,86
48299970200,Texas,Llano,3524,615.01,1,838,751,176,184
48299970500,Texas,Llano,6030,1584.11,0,1228,1575,71,458
48303000302,Texas,Lubbock,7258,2320.72,1,2007,668,331,693
48303000405,Texas,Lubbock,10654,2441.15,0,2216,604,8,316
48303000607,Texas,Lubbock,2160,617.64,1,281,111,172,196
48303000900,Texas,Lubbock,5096,369.9,1,1755,569,200,634
48303001000,Texas,Lubbock,3311,910.12,1,1010,427,136,351
48303001200,Texas,Lubbock,2769,1918.13,1,968,305,123,434
48303001300,Texas,Lubbock,3254,1707.29,1,1071,254,198,379
48303001602,Texas,Lubbock,3126,343.42,0,654,351,53,229
48303001706,Texas,Lubbock,5251,572.75,0,1331,354,27,425
48303001708,Texas,Lubbock,2406,803.05,1,422,268,213,218
48303001709,Texas,Lubbock,4209,391.61,0,1121,416,112,370
48303001801,Texas,Lubbock,5446,1482.16,0,1491,586,55,411
48303002400,Texas,Lubbock,6743,569.27,1,2277,545,328,661
48303010600,Texas,Lubbock,6058,1563.84,1,1772,937,131,425
48307950300,Texas,McCulloch,5476,1528.25,0,1457,980,157,424
48309000100,Texas,McLennan,2133,1509.93,0,242,52,80,63
48309000200,Texas,McLennan,3579,3199.11,0,92,49,26,55
48309000400,Texas,McLennan,5398,4580.2,1,732,198,290,381
48309000598,Texas,McLennan,5593,397.97,1,1916,427,175,455
48309000700,Texas,McLennan,3172,2012.13,1,899,211,195,329
48309000800,Texas,McLennan,2977,1640.09,0,959,195,26,253
48309000900,Texas,McLennan,4994,2585.43,0,1588,448,70,427
48309001000,Texas,McLennan,2937,2112.66,1,945,230,168,352
48309001100,Texas,McLennan,5979,1866.34,1,2134,358,229,496
48309001200,Texas,McLennan,3342,2216.29,1,1171,247,224,375
48309001300,Texas,McLennan,2268,628.71,0,843,213,49,146
48309001400,Texas,McLennan,7399,3998.88,1,2290,1007,621,1265
48309001500,Texas,McLennan,2838,1942.97,1,829,353,194,281
48309001600,Texas,McLennan,6007,806.65,0,1824,537,111,551
48309001700,Texas,McLennan,5399,1304.36,1,1528,593,142,432
48309002100,Texas,McLennan,4337,1375.96,1,1242,508,239,568
48309002498,Texas,McLennan,4718,448.82,0,1189,631,63,286
48309002501,Texas,McLennan,4651,449.17,1,1051,784,172,342
48309002700,Texas,McLennan,3964,1932.69,0,1193,385,67,334
48309003200,Texas,McLennan,4514,2311.74,0,1195,534,90,476
48313000400,Texas,Madison,4932,363.65,1,1528,697,242,519
48321730302,Texas,Matagorda,4617,2259.99,1,1310,435,121,418
48321730600,Texas,Matagorda,5749,886.81,0,1714,772,114,351
48323950201,Texas,Maverick,7083,5594.29,0,2749,478,59,777
48323950204,Texas,Maverick,4219,2557.38,0,1524,361,86,502
48323950205,Texas,Maverick,8704,5285.88,1,3116,672,93,882
48323950602,Texas,Maverick,5394,323.94,0,1771,582,127,531
48329000100,Texas,Midland,5388,663.17,0,1627,551,13,249
48329001100,Texas,Midland,5130,920.59,0,1622,378,99,329
48329001500,Texas,Midland,4262,461.2,0,1437,385,52,353
48329001700,Texas,Midland,4164,734.47,1,1353,452,152,361
48331950402,Texas,Milam,3736,553.06,0,1031,658,117,337
48331950700,Texas,Milam,5915,696.9,1,1701,1002,337,621
48337950500,Texas,Montague,5412,1180.35,1,1311,1054,181,313
48339692200,Texas,Montgomery,8978,3860.6,1,2710,750,117,211
48339692400,Texas,Montgomery,8609,909.48,1,2059,1073,304,385
48339693101,Texas,Montgomery,6175,804.05,0,2046,423,262,431
48339693102,Texas,Montgomery,4189,474.32,0,1278,351,40,170
48339693800,Texas,Montgomery,3728,946.11,0,1102,322,53,218
48339693900,Texas,Montgomery,11162,2771.73,1,3214,613,138,397
48347950900,Texas,Nacogdoches,2678,1978.02,1,824,301,153,321
48347951000,Texas,Nacogdoches,4674,928.22,1,851,448,458,376
48349970200,Texas,Navarro,5878,1979.04,1,1624,764,188,241
48349970500,Texas,Navarro,3995,415.2,1,1021,794,167,394
48355000700,Texas,Nueces,4783,3003.58,1,1369,635,237,547
48355001000,Texas,Nueces,3452,1372.53,1,999,456,333,532
48355001100,Texas,Nueces,1969,665.01,1,524,180,248,369
48355001200,Texas,Nueces,4259,2859.5,1,783,695,429,585
48355001300,Texas,Nueces,4312,389.15,1,1287,542,139,553
48355001601,Texas,Nueces,4738,422.99,0,1264,649,173,410
48355001701,Texas,Nueces,6695,2129.94,1,1989,871,285,746
48355001902,Texas,Nueces,7930,3059.95,1,2547,575,217,690
48355002704,Texas,Nueces,5074,1551.93,1,825,617,161,254
48355002900,Texas,Nueces,798,306.45,0,290,3,0,14
48355003102,Texas,Nueces,4851,1760.24,1,1307,449,127,261
48355003203,Texas,Nueces,5316,645.63,0,1297,489,77,244
48355005601,Texas,Nueces,6494,309.33,0,1756,886,177,534
48355005602,Texas,Nueces,6342,1860.07,1,2039,771,342,862
48355006400,Texas,Nueces,3381,1782.29,1,510,641,652,384
48361020200,Texas,Orange,3664,279.12,1,976,586,268,593
48361020300,Texas,Orange,2651,849.32,0,591,437,93,275
48361020500,Texas,Orange,3132,272.09,0,649,552,57,199
48361020700,Texas,Orange,4866,842.33,1,1221,700,201,483
48361020800,Texas,Orange,1794,421.26,0,335,401,50,174
48361022000,Texas,Orange,3984,1453.83,1,1038,486,107,348
48363000600,Texas,Palo Pinto,3188,413.92,0,863,452,178,231
48363000700,Texas,Palo Pinto,3272,472.59,0,1010,451,47,97
48367140102,Texas,Parker,4702,449.39,1,1088,635,140,303
48367140409,Texas,Parker,3442,1839.15,0,1019,276,9,156
48369950200,Texas,Parmer,4968,2027.22,0,1552,577,56,200
48375012600,Texas,Potter,3255,424.23,0,1196,232,79,329
48375014100,Texas,Potter,2684,1331.55,0,868,256,38,185
48375014500,Texas,Potter,6184,504.19,0,2148,499,129,462
48375014700,Texas,Potter,4934,692.48,1,1150,967,306,404
48375014900,Texas,Potter,5901,2880.99,0,2018,425,80,290
48375015000,Texas,Potter,6964,2049.01,0,2555,498,109,697
48375015300,Texas,Potter,5002,1024.1,1,1615,360,363,723
48377950200,Texas,Presidio,5184,3273.0,1,1667,860,131,646
48381020800,Texas,Randall,6623,624.42,0,1904,636,22,386
48381021801,Texas,Randall,6236,725.26,0,1523,613,168,283
48381021802,Texas,Randall,5426,754.98,1,869,542,165,156
48385950100,Texas,Real,3309,1457.96,1,660,853,66,133
48387950500,Texas,Red River,4907,1151.58,1,1011,1035,173,516
48389950200,Texas,Reeves,2392,357.14,1,660,412,178,197
48395960500,Texas,Robertson,5662,694.5,1,1664,694,233,665
48399950600,Texas,Runnels,4802,895.04,0,1220,914,36,278
48401950501,Texas,Rusk,5138,2254.96,0,1336,736,34,204
48401950700,Texas,Rusk,5512,329.97,0,951,529,94,229
48409010201,Texas,San Patricio,3678,411.46,0,814,612,160,161
48409010202,Texas,San Patricio,4720,631.05,1,1238,808,158,329
48409010500,Texas,San Patricio,1946,945.66,0,540,264,67,141
48409011000,Texas,San Patricio,6812,1432.57,1,2028,806,241,431
48409011100,Texas,San Patricio,2717,1351.82,0,816,335,41,111
48419950400,Texas,Shelby,6003,803.09,1,1693,827,233,543
48423000100,Texas,Smith,6102,1321.42,0,2075,543,119,434
48423000300,Texas,Smith,6076,877.79,0,2141,402,73,396
48423000700,Texas,Smith,4312,1759.93,1,1194,867,388,569
48423000800,Texas,Smith,5852,524.15,1,1596,526,138,408
48423000900,Texas,Smith,4710,583.16,1,1075,624,215,244
48423001604,Texas,Smith,6196,2836.28,1,1602,817,112,303
48427950101,Texas,Starr,1268,617.01,1,299,246,19,64
48427950106,Texas,Starr,3407,2579.02,1,1204,328,102,389
48427950107,Texas,Starr,4045,2903.88,0,1520,294,79,569
48427950203,Texas,Starr,3886,2685.92,0,1405,346,64,488
48427950204,Texas,Starr,5162,4162.69,1,1870,477,135,801
48427950600,Texas,Starr,6685,2982.33,1,2248,767,251,667
48427950702,Texas,Starr,3440,866.15,0,1107,473,80,341
48429950300,Texas,Stephens,2342,1074.58,1,665,370,98,242
48431950100,Texas,Sterling,1143,540.06,1,279,187,14,23
48439100501,Texas,Tarrant,9707,3329.68,1,3559,755,373,831
48439100502,Texas,Tarrant,7491,546.49,1,2430,685,178,598
48439100700,Texas,Tarrant,4847,1489.24,1,1452,577,157,305
48439101302,Texas,Tarrant,2801,1291.95,0,744,339,17,276
48439101500,Texas,Tarrant,4328,775.6,1,1213,397,165,335
48439101700,Texas,Tarrant,2620,1143.1,1,939,122,191,398
48439102302,Texas,Tarrant,5551,287.26,0,1674,401,46,361
48439103500,Texas,Tarrant,5851,702.05,1,1970,334,223,431
48439103601,Texas,Tarrant,2800,1131.58,1,1089,196,209,442
48439103602,Texas,Tarrant,2105,975.22,1,545,373,97,183
48439103800,Texas,Tarrant,3559,1441.42,1,1365,352,179,452
48439104602,Texas,Tarrant,4751,1919.02,1,1717,290,108,564
48439104605,Texas,Tarrant,4131,398.51,1,1139,614,196,413
48439104900,Texas,Tarrant,2711,937.44,0,934,237,30,191
48439105006,Texas,Tarrant,870,443.67,0,283,66,9,47
48439105510,Texas,Tarrant,7660,2589.67,1,2121,767,256,587
48439106001,Texas,Tarrant,7483,1812.06,1,2188,808,169,329
48439106002,Texas,Tarrant,3463,1474.14,0,1014,532,67,268
48439106004,Texas,Tarrant,5273,2150.61,0,1927,274,104,373
48439106101,Texas,Tarrant,1629,965.52,0,488,249,11,68
48439106102,Texas,Tarrant,3671,2585.78,1,1190,488,223,502
48439106201,Texas,Tarrant,3467,284.03,0,949,552,72,416
48439106202,Texas,Tarrant,4399,1687.36,1,1485,592,210,713
48439106300,Texas,Tarrant,3001,1817.13,1,982,330,173,410
48439106400,Texas,Tarrant,2154,1326.46,0,611,223,54,174
48439106503,Texas,Tarrant,5065,319.76,1,1333,636,270,405
48439106511,Texas,Tarrant,6634,1028.27,1,1889,394,175,711
48439106512,Texas,Tarrant,4423,1493.6,1,1154,344,486,562
48439106513,Texas,Tarrant,2935,1092.49,0,861,230,8,115
48439106514,Texas,Tarrant,4943,420.79,0,1282,220,188,417
48439106515,Texas,Tarrant,3824,718.8,1,935,363,205,416
48439106516,Texas,Tarrant,5327,573.19,1,1528,187,471,712
48439106517,Texas,Tarrant,7387,2483.45,0,2071,267,46,340
48439110401,Texas,Tarrant,4657,295.25,0,1048,716,52,121
48439110402,Texas,Tarrant,4686,1732.49,0,1469,517,78,335
48439110701,Texas,Tarrant,6855,990.78,1,1900,774,161,364
48439110703,Texas,Tarrant,4726,1105.95,0,1272,513,87,290
48439110704,Texas,Tarrant,4535,1729.15,0,1095,801,73,350
48439111005,Texas,Tarrant,9204,393.8,0,3280,507,272,740
48439111103,Texas,Tarrant,3968,693.67,0,1393,315,9,309
48439111202,Texas,Tarrant,6095,3247.21,0,1977,548,70,420
48439111522,Texas,Tarrant,7592,380.77,0,2418,668,55,662
48439111523,Texas,Tarrant,8743,4545.13,1,2980,424,185,663
48439111524,Texas,Tarrant,7886,377.35,0,2417,499,108,270
48439111525,Texas,Tarrant,6428,1658.68,1,1872,606,119,457
48439111536,Texas,Tarrant,3327,148.39,0,964,98,71,189
48439113002,Texas,Tarrant,6606,2892.39,1,2150,398,188,397
48439113114,Texas,Tarrant,3899,532.92,0,687,206,70,318
48439113116,Texas,Tarrant,3783,481.8,1,792,91,294,248
48439113216,Texas,Tarrant,5299,523.42,1,1199,689,247,276
48439113220,Texas,Tarrant,6271,923.48,1,1577,474,270,291
48439113302,Texas,Tarrant,4060,816.88,0,968,649,76,267
48439113408,Texas,Tarrant,5424,979.14,0,1363,728,46,140
48439113513,Texas,Tarrant,5381,1635.36,0,1237,477,69,189
48439113514,Texas,Tarrant,5020,794.07,1,1399,389,274,334
48439113619,Texas,Tarrant,4677,1108.14,1,1194,354,141,458
48439113631,Texas,Tarrant,6464,2795.84,0,1692,358,44,236
48439113705,Texas,Tarrant,5597,1167.92,0,1429,595,102,94
48439114205,Texas,Tarrant,3106,1050.69,0,672,568,69,211
48439122300,Texas,Tarrant,4112,533.6,1,282,184,344,65
48439122400,Texas,Tarrant,5760,1015.72,1,937,353,154,272
48439123100,Texas,Tarrant,3012,2380.75,1,867,318,137,399
48439123400,Texas,Tarrant,2025,830.03,1,284,368,296,193
48439123500,Texas,Tarrant,3048,1974.51,1,965,306,112,279
48439123600,Texas,Tarrant,2598,920.81,1,667,142,179,258
48441010300,Texas,Taylor,2318,1168.83,0,733,257,28,220
48441010500,Texas,Taylor,3409,442.21,1,979,487,97,197
48441010900,Texas,Taylor,5797,1055.79,1,1221,904,245,481
48441011300,Texas,Taylor,4014,500.98,1,1184,550,160,290
48441011900,Texas,Taylor,2307,1042.41,1,700,214,160,281
48441012100,Texas,Taylor,468,433.78,0,11,54,0,0
48441012200,Texas,Taylor,2229,1149.47,0,568,260,40,137
48441012300,Texas,Taylor,4482,530.52,0,1056,434,30,187
48441012900,Texas,Taylor,2242,1169.64,0,985,5,0,45
48441013100,Texas,Taylor,6373,4036.31,0,1940,466,66,683
48443950100,Texas,Terrell,984,378.1,1,218,205,57,5
48445950300,Texas,Terry,2619,1114.75,0,500,249,46,245
48445950400,Texas,Terry,7522,862.39,1,2078,1238,143,412
48447950300,Texas,Throckmorton,1641,329.76,1,366,403,15,51
48449950600,Texas,Titus,4516,403.28,1,1472,457,231,313
48451000200,Texas,Tom Green,4447,1886.55,1,1226,557,129,279
48451000300,Texas,Tom Green,5309,2076.6,1,1598,711,129,442
48451000400,Texas,Tom Green,5897,497.66,1,1515,918,134,586
48451000700,Texas,Tom Green,4228,384.04,1,1225,417,176,404
48451000802,Texas,Tom Green,4250,2088.0,0,1328,423,95,352
48451001200,Texas,Tom Green,7418,2630.04,1,2074,920,141,491
48451001400,Texas,Tom Green,5034,2237.89,1,1081,676,186,363
48451001500,Texas,Tom Green,2249,1496.38,0,117,0,0,0
48453000305,Texas,Travis,3223,308.72,0,247,118,112,102
48453000601,Texas,Travis,9207,501.05,0,76,2,41,12
48453000804,Texas,Travis,2295,220.81,1,604,185,287,444
48453000901,Texas,Travis,2027,254.88,0,320,130,78,84
48453001000,Texas,Travis,3656,529.72,1,597,586,339,230
48453001804,Texas,Travis,6362,756.29,1,1666,328,267,618
48453001813,Texas,Travis,5853,384.04,1,1941,294,121,573
48453001821,Texas,Travis,5204,1106.19,1,1458,391,131,457
48453001832,Texas,Travis,2509,438.25,0,515,314,22,210
48453001833,Texas,Travis,7089,1883.33,1,1972,797,149,752
48453001835,Texas,Travis,5000,1576.72,0,1518,170,0,277
48453001844,Texas,Travis,3668,1145.42,0,694,286,87,144
48453001857,Texas,Travis,5623,1374.26,1,1549,323,157,264
48453001860,Texas,Travis,3859,1175.2,1,1072,334,169,227
48453001863,Texas,Travis,3401,565.91,1,667,69,158,321
48453002108,Texas,Travis,3143,305.47,0,818,334,205,394
48453002109,Texas,Travis,3830,669.54,1,773,690,232,287
48453002110,Texas,Travis,4222,1480.02,1,1344,341,163,440
48453002111,Texas,Travis,4747,851.21,1,1564,359,236,450
48453002202,Texas,Travis,8039,4001.76,1,3173,278,272,1054
48453002207,Texas,Travis,8379,3524.78,1,3020,305,215,345
48453002208,Texas,Travis,7525,3012.13,0,2326,291,45,619
48453002211,Texas,Travis,2220,427.84,0,736,82,44,121
48453002307,Texas,Travis,5270,527.64,1,1092,241,252,464
48453002310,Texas,Travis,3242,2373.01,0,1239,197,66,320
48453002313,Texas,Travis,4311,476.49,1,1022,110,250,466
48453002319,Texas,Travis,1945,1667.14,0,27,8,0,0
48453002411,Texas,Travis,6161,2406.54,1,2264,221,124,511
48453002412,Texas,Travis,5782,623.38,0,2076,258,27,356
48453002413,Texas,Travis,4455,3511.61,0,1724,114,117,533
48453002423,Texas,Travis,5383,1693.24,0,1268,317,80,332
48453002427,Texas,Travis,7995,510.97,0,2697,320,119,468
48453002430,Texas,Travis,3422,1115.16,0,1196,177,18,267
48455950500,Texas,Trinity,2275,445.65,1,616,342,159,130
48463950100,Texas,Uvalde,3257,229.39,1,789,682,73,179
48463950200,Texas,Uvalde,7740,240.72,1,2134,1093,118,481
48463950400,Texas,Uvalde,3014,267.34,0,881,410,60,223
48463950500,Texas,Uvalde,5875,1632.88,1,1894,794,225,529
48465950302,Texas,Val Verde,4036,1481.49,1,1277,478,107,261
48465950500,Texas,Val Verde,7472,3952.33,0,2091,355,55,460
48465950601,Texas,Val Verde,4101,1906.1,0,1436,510,34,319
48465950700,Texas,Val Verde,6354,679.88,1,1802,1126,282,619
48467950500,Texas,Van Zandt,4493,776.31,0,1227,736,97,326
48469000100,Texas,Victoria,2215,753.51,1,508,214,125,126
48469000301,Texas,Victoria,2002,1087.86,1,623,306,109,227
48469000302,Texas,Victoria,2365,1078.67,0,739,249,34,258
48471790500,Texas,Walker,7950,1629.14,0,1120,707,105,301
48471790600,Texas,Walker,4901,1888.74,1,1055,292,146,296
48471790700,Texas,Walker,7363,670.41,1,1167,257,198,398
48473680500,Texas,Waller,9261,1477.51,1,2461,1140,269,723
48479001101,Texas,Webb,3883,2233.9,1,1234,333,105,360
48479001103,Texas,Webb,1770,388.89,0,611,117,37,114
48479001104,Texas,Webb,3153,1150.48,0,941,448,60,373
48479001402,Texas,Webb,3425,823.34,0,1228,300,50,341
48479001601,Texas,Webb,4025,792.9,0,1161,413,50,241
48479001716,Texas,Webb,6221,3500.63,0,2120,321,19,288
48479001717,Texas,Webb,3714,1929.1,0,1365,172,32,340
48479001806,Texas,Webb,4549,524.48,0,2148,87,0,574
48479001807,Texas,Webb,8433,2331.86,0,3405,366,68,828
48479001808,Texas,Webb,7117,918.73,1,3013,298,199,811
48479001809,Texas,Webb,6425,3206.19,0,2972,178,45,705
48479001810,Texas,Webb,4677,2564.08,0,1939,119,22,525
48479001812,Texas,Webb,8059,1816.95,0,3395,265,71,556
48479001816,Texas,Webb,4689,1073.17,0,1904,186,0,245
48479001818,Texas,Webb,3284,2958.89,1,1341,154,122,431
48481740200,Texas,Wharton,1565,184.59,0,426,242,38,205
48485010400,Texas,Wichita,2392,1592.28,1,770,363,137,470
48485010800,Texas,Wichita,2606,772.68,0,752,193,92,213
48485011200,Texas,Wichita,2116,1230.47,0,584,322,118,309
48485011400,Texas,Wichita,2406,1670.39,0,723,225,78,245
48485012700,Texas,Wichita,2567,602.21,0,615,345,38,171
48485013000,Texas,Wichita,2393,530.64,0,627,297,58,229
48485013501,Texas,Wichita,5595,364.57,0,1471,838,56,348
48487950500,Texas,Wilbarger,2955,472.54,0,679,550,303,317
48487950700,Texas,Wilbarger,2737,1053.47,0,868,310,35,195
48489950300,Texas,Willacy,5320,562.24,0,1780,630,119,681
48489950400,Texas,Willacy,8299,2943.42,1,1503,817,211,526
48489950500,Texas,Willacy,3406,1644.14,0,1062,411,58,306
48491020114,Texas,Williamson,4935,1183.56,1,1471,600,161,132
48491020321,Texas,Williamson,1755,553.88,0,463,158,20,62
48491020325,Texas,Williamson,2944,1191.76,0,1030,165,103,191
48491020406,Texas,Williamson,6250,472.49,1,1026,291,200,156
48491020504,Texas,Williamson,8362,393.43,0,1979,330,136,694
48491021000,Texas,Williamson,3425,2093.59,0,937,289,88,349
48491021100,Texas,Williamson,2628,1163.22,0,775,273,39,131
48491021203,Texas,Williamson,2597,700.14,0,631,419,108,283
48491021403,Texas,Williamson,3284,1258.32,0,957,311,39,93
48491021502,Texas,Williamson,4911,2355.37,0,1608,180,21,267
48491021503,Texas,Williamson,4198,746.27,0,1201,306,92,238
48497150200,Texas,Wise,6225,735.52,0,1713,932,78,320
48497150500,Texas,Wise,5950,548.86,0,1906,548,87,284
48499950200,Texas,Wood,3154,259.99,0,684,662,115,107
48499950700,Texas,Wood,5082,2031.84,0,1161,1145,0,60
48499950800,Texas,Wood,4857,1192.53,0,1126,1139,71,182
48503950500,Texas,Young,2755,388.06,0,729,366,3,174
48503950600,Texas,Young,5582,1177.27,1,1418,1131,175,182
48505950301,Texas,Zapata,4384,1813.66,0,1676,289,61,516
48505950302,Texas,Zapata,4024,323.56,0,1205,616,153,362
48507950100,Texas,Zavala,1232,921.37,1,380,125,55,164
48507950302,Texas,Zavala,6311,299.86,1,1964,855,310,616
